{"cameraMode":{"drawMode":0,"name":"Shaded","section":"Shading Mode"},"sceneLighting":true,"audioPlay":false,"sceneViewState":{"showFog":false,"showMaterialUpdate":false,"showSkybox":false,"showFlares":false,"showImageEffects":false,"showParticleSystems":false},"in2DMode":false,"pivot":{"x":-0.04815995693206787,"y":-3.041149616241455,"z":-0.10701751708984375},"rotation":{"x":-0.05031755566596985,"y":-0.9442868232727051,"z":0.17213311791419984,"w":-0.2760307788848877},"size":0.6952782869338989,"orthographic":false}